{"cameraMode":{"drawMode":0,"name":"Shaded","section":"Shading Mode"},"sceneLighting":true,"audioPlay":false,"sceneViewState":{"m_AlwaysRefresh":false,"showFog":true,"showSkybox":true,"showFlares":true,"showImageEffects":true,"showParticleSystems":true,"showVisualEffectGraphs":true,"m_FxEnabled":true},"in2DMode":false,"pivot":{"x":0.8419262170791626,"y":-0.4126262664794922,"z":-0.06734525412321091},"rotation":{"x":-0.7055862545967102,"y":0.007863237522542477,"z":-0.007829271256923676,"w":-0.7085403203964233},"size":5.269687652587891,"orthographic":false}